{"cameraMode":{"drawMode":0,"name":"Shaded","section":"Shading Mode"},"sceneLighting":true,"audioPlay":false,"sceneViewState":{"m_AlwaysRefresh":false,"showFog":true,"showSkybox":true,"showFlares":true,"showImageEffects":true,"showParticleSystems":true,"showVisualEffectGraphs":true,"m_FxEnabled":true},"in2DMode":false,"pivot":{"x":0.16788363456726075,"y":1.1670289039611817,"z":3.661243438720703},"rotation":{"x":0.1256980299949646,"y":0.1164381355047226,"z":-0.01479285303503275,"w":0.9851417541503906},"size":5.058306694030762,"orthographic":false}